path,label
data\removed_full\0017.png,1
data\watermarked_full\0307.png,0
data\removed_full\0347.png,1
data\removed_full\0589.png,1
data\watermarked_full\0586.png,0
data\watermarked_full\0259.png,0
data\watermarked_full\0023.png,0
data\watermarked_full\0478.png,0
data\removed_full\0070.png,1
data\watermarked_full\0526.png,0
data\watermarked_full\0318.png,0
data\watermarked_full\0638.png,0
data\watermarked_full\0834.png,0
data\removed_full\0414.png,1
data\watermarked_full\0357.png,0
data\watermarked_full\0512.png,0
data\watermarked_full\0061.png,0
data\watermarked_full\0863.png,0
data\removed_full\0134.png,1
data\watermarked_full\0048.png,0
data\watermarked_full\0549.png,0
data\watermarked_full\0448.png,0
data\watermarked_full\0114.png,0
data\removed_full\0371.png,1
data\watermarked_full\0709.png,0
data\watermarked_full\0010.png,0
data\watermarked_full\0652.png,0
data\watermarked_full\0695.png,0
data\watermarked_full\0799.png,0
data\removed_full\0396.png,1
data\removed_full\0344.png,1
data\watermarked_full\0057.png,0
data\watermarked_full\0851.png,0
data\watermarked_full\0464.png,0
data\watermarked_full\0534.png,0
data\watermarked_full\0422.png,0
data\watermarked_full\0882.png,0
data\removed_full\0496.png,1
data\watermarked_full\0235.png,0
data\watermarked_full\0024.png,0
data\removed_full\0229.png,1
data\watermarked_full\0629.png,0
data\removed_full\0494.png,1
data\removed_full\0592.png,1
data\watermarked_full\0286.png,0
data\watermarked_full\0581.png,0
data\watermarked_full\0346.png,0
data\watermarked_full\0131.png,0
data\watermarked_full\0772.png,0
data\removed_full\0278.png,1
data\watermarked_full\0083.png,0
data\removed_full\0205.png,1
data\removed_full\0161.png,1
data\watermarked_full\0809.png,0
data\watermarked_full\0462.png,0
data\removed_full\0700.png,1
data\watermarked_full\0070.png,0
data\removed_full\0875.png,1
data\removed_full\0118.png,1
data\watermarked_full\0006.png,0
data\watermarked_full\0811.png,0
data\removed_full\0693.png,1
data\watermarked_full\0306.png,0
data\removed_full\0283.png,1
data\watermarked_full\0850.png,0
data\removed_full\0564.png,1
data\removed_full\0121.png,1
data\watermarked_full\0617.png,0
data\watermarked_full\0398.png,0
data\watermarked_full\0711.png,0
data\removed_full\0183.png,1
data\watermarked_full\0672.png,0
data\removed_full\0054.png,1
data\watermarked_full\0103.png,0
data\watermarked_full\0519.png,0
data\watermarked_full\0442.png,0
data\watermarked_full\0552.png,0
data\removed_full\0213.png,1
data\removed_full\0620.png,1
data\watermarked_full\0108.png,0
data\watermarked_full\0118.png,0
data\removed_full\0449.png,1
data\removed_full\0027.png,1
data\watermarked_full\0352.png,0
data\removed_full\0334.png,1
data\removed_full\0405.png,1
data\watermarked_full\0298.png,0
data\watermarked_full\0390.png,0
data\watermarked_full\0691.png,0
data\removed_full\0241.png,1
data\watermarked_full\0388.png,0
data\watermarked_full\0620.png,0
data\watermarked_full\0203.png,0
data\removed_full\0043.png,1
data\removed_full\0246.png,1
data\watermarked_full\0501.png,0
data\watermarked_full\0716.png,0
data\watermarked_full\0175.png,0
data\removed_full\0422.png,1
data\watermarked_full\0787.png,0
data\watermarked_full\0368.png,0
data\removed_full\0353.png,1
data\watermarked_full\0263.png,0
data\watermarked_full\0717.png,0
data\removed_full\0506.png,1
data\watermarked_full\0490.png,0
data\watermarked_full\0889.png,0
data\removed_full\0060.png,1
data\removed_full\0468.png,1
data\removed_full\0327.png,1
data\removed_full\0550.png,1
data\removed_full\0015.png,1
data\watermarked_full\0879.png,0
data\removed_full\0720.png,1
data\watermarked_full\0893.png,0
data\watermarked_full\0531.png,0
data\watermarked_full\0482.png,0
data\removed_full\0488.png,1
data\watermarked_full\0500.png,0
data\watermarked_full\0548.png,0
data\watermarked_full\0077.png,0
data\removed_full\0722.png,1
data\watermarked_full\0705.png,0
data\removed_full\0772.png,1
data\removed_full\0680.png,1
data\watermarked_full\0199.png,0
data\removed_full\0149.png,1
data\removed_full\0613.png,1
data\removed_full\0820.png,1
data\watermarked_full\0557.png,0
data\removed_full\0078.png,1
data\removed_full\0643.png,1
data\removed_full\0085.png,1
data\watermarked_full\0532.png,0
data\watermarked_full\0443.png,0
data\watermarked_full\0576.png,0
data\watermarked_full\0590.png,0
data\removed_full\0632.png,1
data\watermarked_full\0625.png,0
data\watermarked_full\0486.png,0
data\removed_full\0218.png,1
data\watermarked_full\0148.png,0
data\watermarked_full\0752.png,0
data\removed_full\0398.png,1
data\removed_full\0379.png,1
data\removed_full\0898.png,1
data\watermarked_full\0033.png,0
data\watermarked_full\0730.png,0
data\removed_full\0180.png,1
data\watermarked_full\0538.png,0
data\watermarked_full\0897.png,0
data\watermarked_full\0264.png,0
data\watermarked_full\0209.png,0
data\watermarked_full\0193.png,0
data\removed_full\0495.png,1
data\watermarked_full\0030.png,0
data\watermarked_full\0554.png,0
data\watermarked_full\0395.png,0
data\watermarked_full\0599.png,0
data\removed_full\0541.png,1
data\removed_full\0011.png,1
data\watermarked_full\0151.png,0
data\watermarked_full\0092.png,0
data\removed_full\0713.png,1
data\removed_full\0857.png,1
data\removed_full\0561.png,1
data\removed_full\0426.png,1
data\removed_full\0080.png,1
data\watermarked_full\0223.png,0
data\removed_full\0240.png,1
data\removed_full\0688.png,1
data\removed_full\0329.png,1
data\removed_full\0756.png,1
data\watermarked_full\0063.png,0
data\removed_full\0356.png,1
data\watermarked_full\0864.png,0
data\watermarked_full\0028.png,0
data\watermarked_full\0188.png,0
data\watermarked_full\0139.png,0
data\removed_full\0764.png,1
data\watermarked_full\0894.png,0
data\watermarked_full\0059.png,0
data\watermarked_full\0653.png,0
data\watermarked_full\0210.png,0
data\watermarked_full\0218.png,0
data\watermarked_full\0371.png,0
data\removed_full\0815.png,1
data\removed_full\0416.png,1
data\watermarked_full\0731.png,0
data\removed_full\0708.png,1
data\removed_full\0111.png,1
data\removed_full\0425.png,1
data\watermarked_full\0687.png,0
data\watermarked_full\0404.png,0
data\removed_full\0484.png,1
data\removed_full\0192.png,1
data\removed_full\0481.png,1
data\removed_full\0397.png,1
data\removed_full\0832.png,1
data\removed_full\0091.png,1
data\watermarked_full\0723.png,0
data\removed_full\0633.png,1
data\removed_full\0834.png,1
data\removed_full\0124.png,1
data\removed_full\0893.png,1
data\watermarked_full\0718.png,0
data\watermarked_full\0680.png,0
data\removed_full\0303.png,1
data\removed_full\0207.png,1
data\removed_full\0285.png,1
data\removed_full\0034.png,1
data\watermarked_full\0516.png,0
data\removed_full\0811.png,1
data\removed_full\0451.png,1
data\watermarked_full\0222.png,0
data\watermarked_full\0172.png,0
data\watermarked_full\0789.png,0
data\watermarked_full\0756.png,0
data\watermarked_full\0712.png,0
data\watermarked_full\0720.png,0
data\removed_full\0769.png,1
data\removed_full\0727.png,1
data\removed_full\0427.png,1
data\removed_full\0087.png,1
data\watermarked_full\0302.png,0
data\removed_full\0157.png,1
data\watermarked_full\0635.png,0
data\watermarked_full\0054.png,0
data\watermarked_full\0503.png,0
data\removed_full\0560.png,1
data\watermarked_full\0828.png,0
data\watermarked_full\0708.png,0
data\watermarked_full\0783.png,0
data\watermarked_full\0025.png,0
data\removed_full\0869.png,1
data\watermarked_full\0713.png,0
data\removed_full\0075.png,1
data\removed_full\0270.png,1
data\removed_full\0752.png,1
data\removed_full\0252.png,1
data\removed_full\0504.png,1
data\removed_full\0031.png,1
data\removed_full\0187.png,1
data\watermarked_full\0039.png,0
data\removed_full\0667.png,1
data\removed_full\0337.png,1
data\removed_full\0497.png,1
data\watermarked_full\0655.png,0
data\watermarked_full\0113.png,0
data\removed_full\0554.png,1
data\removed_full\0551.png,1
data\watermarked_full\0196.png,0
data\removed_full\0743.png,1
data\watermarked_full\0578.png,0
data\removed_full\0400.png,1
data\removed_full\0036.png,1
data\watermarked_full\0732.png,0
data\removed_full\0849.png,1
data\removed_full\0358.png,1
data\watermarked_full\0051.png,0
data\watermarked_full\0182.png,0
data\removed_full\0263.png,1
data\watermarked_full\0525.png,0
data\removed_full\0057.png,1
data\watermarked_full\0038.png,0
data\removed_full\0816.png,1
data\removed_full\0715.png,1
data\watermarked_full\0287.png,0
data\removed_full\0381.png,1
data\removed_full\0476.png,1
data\watermarked_full\0582.png,0
data\watermarked_full\0692.png,0
data\removed_full\0810.png,1
data\removed_full\0191.png,1
data\removed_full\0652.png,1
data\watermarked_full\0049.png,0
data\removed_full\0076.png,1
data\watermarked_full\0862.png,0
data\removed_full\0386.png,1
data\watermarked_full\0604.png,0
data\removed_full\0250.png,1
data\removed_full\0739.png,1
data\watermarked_full\0596.png,0
data\watermarked_full\0265.png,0
data\watermarked_full\0537.png,0
data\removed_full\0113.png,1
data\watermarked_full\0779.png,0
data\removed_full\0040.png,1
data\watermarked_full\0253.png,0
data\watermarked_full\0359.png,0
data\removed_full\0056.png,1
data\removed_full\0701.png,1
data\watermarked_full\0019.png,0
data\removed_full\0266.png,1
data\removed_full\0114.png,1
data\watermarked_full\0439.png,0
data\watermarked_full\0714.png,0
data\watermarked_full\0643.png,0
data\watermarked_full\0145.png,0
data\watermarked_full\0041.png,0
data\watermarked_full\0758.png,0
data\removed_full\0710.png,1
data\watermarked_full\0722.png,0
data\watermarked_full\0693.png,0
data\removed_full\0785.png,1
data\removed_full\0013.png,1
data\watermarked_full\0341.png,0
data\removed_full\0254.png,1
data\removed_full\0343.png,1
data\removed_full\0698.png,1
data\watermarked_full\0260.png,0
data\watermarked_full\0480.png,0
data\watermarked_full\0026.png,0
data\watermarked_full\0444.png,0
data\watermarked_full\0334.png,0
data\watermarked_full\0140.png,0
data\removed_full\0470.png,1
data\watermarked_full\0793.png,0
data\removed_full\0332.png,1
data\removed_full\0030.png,1
data\removed_full\0774.png,1
data\removed_full\0148.png,1
data\removed_full\0704.png,1
data\watermarked_full\0446.png,0
data\removed_full\0194.png,1
data\watermarked_full\0179.png,0
data\watermarked_full\0274.png,0
data\watermarked_full\0452.png,0
data\watermarked_full\0314.png,0
data\removed_full\0576.png,1
data\watermarked_full\0116.png,0
data\watermarked_full\0328.png,0
data\watermarked_full\0611.png,0
data\removed_full\0819.png,1
data\watermarked_full\0305.png,0
data\removed_full\0311.png,1
data\removed_full\0548.png,1
data\watermarked_full\0616.png,0
data\watermarked_full\0696.png,0
data\watermarked_full\0399.png,0
data\watermarked_full\0423.png,0
data\watermarked_full\0669.png,0
data\removed_full\0514.png,1
data\removed_full\0616.png,1
data\watermarked_full\0016.png,0
data\watermarked_full\0044.png,0
data\watermarked_full\0433.png,0
data\watermarked_full\0559.png,0
data\watermarked_full\0603.png,0
data\watermarked_full\0735.png,0
data\watermarked_full\0746.png,0
data\watermarked_full\0493.png,0
data\watermarked_full\0636.png,0
data\removed_full\0751.png,1
data\watermarked_full\0215.png,0
data\watermarked_full\0521.png,0
data\removed_full\0336.png,1
data\watermarked_full\0424.png,0
data\removed_full\0454.png,1
data\removed_full\0097.png,1
data\removed_full\0493.png,1
data\removed_full\0184.png,1
data\removed_full\0016.png,1
data\removed_full\0210.png,1
data\watermarked_full\0785.png,0
data\removed_full\0359.png,1
data\watermarked_full\0797.png,0
data\removed_full\0219.png,1
data\watermarked_full\0437.png,0
data\removed_full\0106.png,1
data\removed_full\0732.png,1
data\removed_full\0274.png,1
data\watermarked_full\0679.png,0
data\watermarked_full\0755.png,0
data\watermarked_full\0152.png,0
data\watermarked_full\0634.png,0
data\removed_full\0453.png,1
data\removed_full\0498.png,1
data\watermarked_full\0176.png,0
data\removed_full\0539.png,1
data\watermarked_full\0667.png,0
data\removed_full\0115.png,1
data\watermarked_full\0843.png,0
data\watermarked_full\0745.png,0
data\removed_full\0666.png,1
data\watermarked_full\0445.png,0
data\watermarked_full\0229.png,0
data\watermarked_full\0056.png,0
data\removed_full\0894.png,1
data\removed_full\0389.png,1
data\watermarked_full\0245.png,0
data\removed_full\0369.png,1
data\watermarked_full\0174.png,0
data\removed_full\0125.png,1
data\watermarked_full\0649.png,0
data\watermarked_full\0289.png,0
data\removed_full\0082.png,1
data\removed_full\0101.png,1
data\watermarked_full\0660.png,0
data\removed_full\0529.png,1
data\removed_full\0297.png,1
data\removed_full\0485.png,1
data\watermarked_full\0268.png,0
data\removed_full\0146.png,1
data\watermarked_full\0784.png,0
data\removed_full\0211.png,1
data\removed_full\0719.png,1
data\watermarked_full\0588.png,0
data\watermarked_full\0626.png,0
data\removed_full\0824.png,1
data\removed_full\0625.png,1
data\removed_full\0744.png,1
data\watermarked_full\0137.png,0
data\watermarked_full\0290.png,0
data\removed_full\0203.png,1
data\watermarked_full\0589.png,0
data\removed_full\0683.png,1
data\removed_full\0642.png,1
data\removed_full\0247.png,1
data\watermarked_full\0803.png,0
data\removed_full\0032.png,1
data\removed_full\0545.png,1
data\removed_full\0471.png,1
data\removed_full\0862.png,1
data\removed_full\0596.png,1
data\watermarked_full\0597.png,0
data\removed_full\0119.png,1
data\watermarked_full\0237.png,0
data\removed_full\0023.png,1
data\watermarked_full\0868.png,0
data\watermarked_full\0743.png,0
data\watermarked_full\0595.png,0
data\watermarked_full\0579.png,0
data\removed_full\0204.png,1
data\removed_full\0169.png,1
data\removed_full\0044.png,1
data\removed_full\0092.png,1
data\watermarked_full\0332.png,0
data\removed_full\0324.png,1
data\watermarked_full\0136.png,0
data\watermarked_full\0067.png,0
data\watermarked_full\0835.png,0
data\watermarked_full\0184.png,0
data\watermarked_full\0009.png,0
data\watermarked_full\0326.png,0
data\removed_full\0127.png,1
data\removed_full\0607.png,1
data\removed_full\0585.png,1
data\watermarked_full\0280.png,0
data\watermarked_full\0185.png,0
data\removed_full\0292.png,1
data\watermarked_full\0002.png,0
data\removed_full\0760.png,1
data\removed_full\0330.png,1
data\watermarked_full\0207.png,0
data\removed_full\0313.png,1
data\watermarked_full\0794.png,0
data\removed_full\0789.png,1
data\removed_full\0200.png,1
data\watermarked_full\0393.png,0
data\watermarked_full\0007.png,0
data\removed_full\0233.png,1
data\removed_full\0480.png,1
data\removed_full\0859.png,1
data\removed_full\0707.png,1
data\removed_full\0660.png,1
data\removed_full\0264.png,1
data\removed_full\0198.png,1
data\watermarked_full\0511.png,0
data\watermarked_full\0101.png,0
data\removed_full\0654.png,1
data\watermarked_full\0541.png,0
data\removed_full\0042.png,1
data\watermarked_full\0195.png,0
data\watermarked_full\0515.png,0
data\removed_full\0162.png,1
data\removed_full\0537.png,1
data\watermarked_full\0583.png,0
data\removed_full\0272.png,1
data\removed_full\0380.png,1
data\removed_full\0271.png,1
data\watermarked_full\0291.png,0
data\removed_full\0631.png,1
data\watermarked_full\0380.png,0
data\removed_full\0681.png,1
data\watermarked_full\0181.png,0
data\watermarked_full\0495.png,0
data\removed_full\0694.png,1
data\removed_full\0084.png,1
data\watermarked_full\0522.png,0
data\watermarked_full\0529.png,0
data\watermarked_full\0688.png,0
data\removed_full\0072.png,1
data\removed_full\0002.png,1
data\watermarked_full\0055.png,0
data\watermarked_full\0231.png,0
data\watermarked_full\0678.png,0
data\removed_full\0262.png,1
data\watermarked_full\0316.png,0
data\watermarked_full\0356.png,0
data\watermarked_full\0323.png,0
data\watermarked_full\0808.png,0
data\watermarked_full\0890.png,0
data\watermarked_full\0744.png,0
data\watermarked_full\0485.png,0
data\removed_full\0765.png,1
data\removed_full\0152.png,1
data\removed_full\0896.png,1
data\removed_full\0556.png,1
data\removed_full\0837.png,1
data\watermarked_full\0802.png,0
data\removed_full\0248.png,1
data\watermarked_full\0838.png,0
data\removed_full\0298.png,1
data\removed_full\0891.png,1
data\removed_full\0382.png,1
data\watermarked_full\0254.png,0
data\watermarked_full\0079.png,0
data\watermarked_full\0697.png,0
data\watermarked_full\0507.png,0
data\removed_full\0770.png,1
data\watermarked_full\0119.png,0
data\removed_full\0037.png,1
data\removed_full\0059.png,1
data\watermarked_full\0171.png,0
data\watermarked_full\0319.png,0
data\removed_full\0455.png,1
data\removed_full\0151.png,1
data\watermarked_full\0351.png,0
data\removed_full\0501.png,1
data\watermarked_full\0774.png,0
data\removed_full\0463.png,1
data\watermarked_full\0127.png,0
data\removed_full\0806.png,1
data\watermarked_full\0457.png,0
data\removed_full\0173.png,1
data\removed_full\0803.png,1
data\removed_full\0408.png,1
data\watermarked_full\0335.png,0
data\watermarked_full\0296.png,0
data\watermarked_full\0142.png,0
data\removed_full\0795.png,1
data\removed_full\0771.png,1
data\watermarked_full\0322.png,0
data\removed_full\0315.png,1
data\removed_full\0534.png,1
data\removed_full\0232.png,1
data\removed_full\0304.png,1
data\watermarked_full\0310.png,0
data\removed_full\0065.png,1
data\watermarked_full\0450.png,0
data\removed_full\0029.png,1
data\removed_full\0532.png,1
data\removed_full\0420.png,1
data\removed_full\0309.png,1
data\watermarked_full\0734.png,0
data\removed_full\0572.png,1
data\removed_full\0045.png,1
data\removed_full\0465.png,1
data\watermarked_full\0163.png,0
data\removed_full\0360.png,1
data\watermarked_full\0844.png,0
data\removed_full\0026.png,1
data\watermarked_full\0104.png,0
data\removed_full\0646.png,1
data\watermarked_full\0857.png,0
data\removed_full\0473.png,1
data\watermarked_full\0353.png,0
data\watermarked_full\0644.png,0
data\removed_full\0182.png,1
data\removed_full\0277.png,1
data\removed_full\0798.png,1
data\watermarked_full\0349.png,0
data\watermarked_full\0157.png,0
data\watermarked_full\0154.png,0
data\watermarked_full\0107.png,0
data\watermarked_full\0178.png,0
data\watermarked_full\0394.png,0
data\removed_full\0766.png,1
data\watermarked_full\0571.png,0
data\watermarked_full\0815.png,0
data\watermarked_full\0514.png,0
data\watermarked_full\0622.png,0
data\removed_full\0450.png,1
data\watermarked_full\0165.png,0
data\removed_full\0431.png,1
data\removed_full\0302.png,1
data\watermarked_full\0456.png,0
data\watermarked_full\0682.png,0
data\removed_full\0413.png,1
data\removed_full\0699.png,1
data\removed_full\0340.png,1
data\watermarked_full\0100.png,0
data\watermarked_full\0111.png,0
data\watermarked_full\0110.png,0
data\removed_full\0851.png,1
data\removed_full\0174.png,1
data\removed_full\0464.png,1
data\watermarked_full\0324.png,0
data\removed_full\0261.png,1
data\removed_full\0123.png,1
data\removed_full\0878.png,1
data\removed_full\0212.png,1
data\watermarked_full\0426.png,0
data\watermarked_full\0069.png,0
data\watermarked_full\0878.png,0
data\removed_full\0658.png,1
data\removed_full\0618.png,1
data\watermarked_full\0076.png,0
data\watermarked_full\0658.png,0
data\watermarked_full\0884.png,0
data\watermarked_full\0621.png,0
data\removed_full\0867.png,1
data\removed_full\0696.png,1
data\removed_full\0223.png,1
data\watermarked_full\0790.png,0
data\watermarked_full\0891.png,0
data\watermarked_full\0168.png,0
data\watermarked_full\0417.png,0
data\watermarked_full\0895.png,0
data\removed_full\0738.png,1
data\removed_full\0648.png,1
data\removed_full\0433.png,1
data\removed_full\0831.png,1
data\removed_full\0767.png,1
data\removed_full\0593.png,1
data\watermarked_full\0528.png,0
data\removed_full\0527.png,1
data\watermarked_full\0303.png,0
data\removed_full\0175.png,1
data\watermarked_full\0255.png,0
data\removed_full\0357.png,1
data\removed_full\0310.png,1
data\removed_full\0562.png,1
data\removed_full\0885.png,1
data\watermarked_full\0177.png,0
data\watermarked_full\0899.png,0
data\watermarked_full\0535.png,0
data\removed_full\0130.png,1
data\removed_full\0300.png,1
data\watermarked_full\0342.png,0
data\removed_full\0150.png,1
data\watermarked_full\0479.png,0
data\removed_full\0813.png,1
data\watermarked_full\0365.png,0
data\watermarked_full\0801.png,0
data\watermarked_full\0208.png,0
data\watermarked_full\0605.png,0
data\removed_full\0099.png,1
data\removed_full\0392.png,1
data\watermarked_full\0766.png,0
data\watermarked_full\0436.png,0
data\removed_full\0523.png,1
data\removed_full\0100.png,1
data\watermarked_full\0167.png,0
data\watermarked_full\0244.png,0
data\watermarked_full\0798.png,0
data\removed_full\0669.png,1
data\watermarked_full\0162.png,0
data\removed_full\0750.png,1
data\removed_full\0275.png,1
data\removed_full\0341.png,1
data\watermarked_full\0430.png,0
data\watermarked_full\0050.png,0
data\removed_full\0794.png,1
data\watermarked_full\0283.png,0
data\watermarked_full\0689.png,0
data\removed_full\0393.png,1
data\watermarked_full\0739.png,0
data\removed_full\0208.png,1
data\watermarked_full\0221.png,0
data\watermarked_full\0440.png,0
data\removed_full\0716.png,1
data\watermarked_full\0155.png,0
data\watermarked_full\0094.png,0
data\watermarked_full\0420.png,0
data\removed_full\0799.png,1
data\watermarked_full\0180.png,0
data\watermarked_full\0847.png,0
data\watermarked_full\0842.png,0
data\watermarked_full\0419.png,0
data\removed_full\0001.png,1
data\watermarked_full\0664.png,0
data\removed_full\0791.png,1
data\removed_full\0582.png,1
data\watermarked_full\0029.png,0
data\removed_full\0853.png,1
data\watermarked_full\0823.png,0
data\removed_full\0797.png,1
data\watermarked_full\0631.png,0
data\watermarked_full\0536.png,0
data\watermarked_full\0737.png,0
data\watermarked_full\0855.png,0
data\watermarked_full\0213.png,0
data\removed_full\0801.png,1
data\removed_full\0702.png,1
data\watermarked_full\0898.png,0
data\removed_full\0066.png,1
data\removed_full\0170.png,1
data\removed_full\0880.png,1
data\removed_full\0768.png,1
data\removed_full\0692.png,1
data\watermarked_full\0278.png,0
data\removed_full\0717.png,1
data\removed_full\0071.png,1
data\removed_full\0190.png,1
data\removed_full\0067.png,1
data\removed_full\0338.png,1
data\removed_full\0628.png,1
data\watermarked_full\0848.png,0
data\watermarked_full\0568.png,0
data\removed_full\0383.png,1
data\removed_full\0287.png,1
data\watermarked_full\0017.png,0
data\removed_full\0168.png,1
data\watermarked_full\0545.png,0
data\removed_full\0883.png,1
data\watermarked_full\0829.png,0
data\removed_full\0614.png,1
data\watermarked_full\0097.png,0
data\removed_full\0508.png,1
data\watermarked_full\0060.png,0
data\removed_full\0608.png,1
data\watermarked_full\0587.png,0
data\watermarked_full\0781.png,0
data\watermarked_full\0807.png,0
data\removed_full\0602.png,1
data\watermarked_full\0542.png,0
data\removed_full\0872.png,1
data\watermarked_full\0284.png,0
data\removed_full\0635.png,1
data\watermarked_full\0266.png,0
data\removed_full\0538.png,1
data\watermarked_full\0192.png,0
data\watermarked_full\0778.png,0
data\watermarked_full\0360.png,0
data\watermarked_full\0164.png,0
data\watermarked_full\0659.png,0
data\watermarked_full\0606.png,0
data\watermarked_full\0506.png,0
data\watermarked_full\0539.png,0
data\removed_full\0048.png,1
data\removed_full\0047.png,1
data\removed_full\0049.png,1
data\removed_full\0577.png,1
data\watermarked_full\0003.png,0
data\removed_full\0446.png,1
data\removed_full\0143.png,1
data\removed_full\0873.png,1
data\removed_full\0326.png,1
data\removed_full\0559.png,1
data\watermarked_full\0065.png,0
data\watermarked_full\0601.png,0
data\removed_full\0861.png,1
data\watermarked_full\0409.png,0
data\watermarked_full\0412.png,0
data\watermarked_full\0523.png,0
data\watermarked_full\0870.png,0
data\removed_full\0202.png,1
data\watermarked_full\0239.png,0
data\removed_full\0807.png,1
data\watermarked_full\0158.png,0
data\removed_full\0783.png,1
data\removed_full\0189.png,1
data\watermarked_full\0432.png,0
data\watermarked_full\0570.png,0
data\watermarked_full\0551.png,0
data\removed_full\0305.png,1
data\removed_full\0746.png,1
data\removed_full\0388.png,1
data\removed_full\0456.png,1
data\watermarked_full\0483.png,0
data\removed_full\0629.png,1
data\watermarked_full\0126.png,0
data\watermarked_full\0081.png,0
data\removed_full\0526.png,1
data\removed_full\0670.png,1
data\removed_full\0749.png,1
data\watermarked_full\0084.png,0
data\watermarked_full\0271.png,0
data\removed_full\0627.png,1
data\removed_full\0367.png,1
data\watermarked_full\0272.png,0
data\removed_full\0249.png,1
data\removed_full\0006.png,1
data\removed_full\0239.png,1
data\removed_full\0483.png,1
data\removed_full\0530.png,1
data\watermarked_full\0816.png,0
data\removed_full\0220.png,1
data\removed_full\0570.png,1
data\removed_full\0257.png,1
data\watermarked_full\0875.png,0
data\watermarked_full\0115.png,0
data\removed_full\0234.png,1
data\removed_full\0372.png,1
data\watermarked_full\0321.png,0
data\removed_full\0575.png,1
data\watermarked_full\0125.png,0
data\watermarked_full\0662.png,0
data\removed_full\0079.png,1
data\removed_full\0090.png,1
data\watermarked_full\0598.png,0
data\removed_full\0342.png,1
data\watermarked_full\0350.png,0
data\removed_full\0617.png,1
data\watermarked_full\0408.png,0
data\removed_full\0055.png,1
data\removed_full\0108.png,1
data\watermarked_full\0338.png,0
data\watermarked_full\0623.png,0
data\watermarked_full\0721.png,0
data\watermarked_full\0090.png,0
data\watermarked_full\0499.png,0
data\watermarked_full\0544.png,0
data\removed_full\0331.png,1
data\removed_full\0428.png,1
data\removed_full\0177.png,1
data\watermarked_full\0257.png,0
data\removed_full\0307.png,1
data\removed_full\0889.png,1
data\watermarked_full\0247.png,0
data\removed_full\0823.png,1
data\removed_full\0472.png,1
data\watermarked_full\0068.png,0
data\watermarked_full\0853.png,0
data\removed_full\0835.png,1
data\removed_full\0083.png,1
data\removed_full\0543.png,1
data\removed_full\0441.png,1
data\watermarked_full\0630.png,0
data\watermarked_full\0088.png,0
data\watermarked_full\0865.png,0
data\watermarked_full\0075.png,0
data\removed_full\0412.png,1
data\removed_full\0518.png,1
data\watermarked_full\0468.png,0
data\watermarked_full\0465.png,0
data\removed_full\0256.png,1
data\watermarked_full\0813.png,0
data\watermarked_full\0527.png,0
data\removed_full\0104.png,1
data\watermarked_full\0845.png,0
data\watermarked_full\0403.png,0
data\removed_full\0238.png,1
data\removed_full\0286.png,1
data\removed_full\0492.png,1
data\removed_full\0520.png,1
data\removed_full\0236.png,1
data\watermarked_full\0285.png,0
data\watermarked_full\0594.png,0
data\watermarked_full\0396.png,0
data\removed_full\0058.png,1
data\removed_full\0897.png,1
data\watermarked_full\0668.png,0
data\watermarked_full\0814.png,0
data\removed_full\0374.png,1
data\watermarked_full\0300.png,0
data\removed_full\0671.png,1
data\watermarked_full\0513.png,0
data\removed_full\0513.png,1
data\removed_full\0035.png,1
data\watermarked_full\0749.png,0
data\removed_full\0186.png,1
data\removed_full\0339.png,1
data\removed_full\0637.png,1
data\removed_full\0779.png,1
data\removed_full\0650.png,1
data\removed_full\0093.png,1
data\watermarked_full\0883.png,0
data\watermarked_full\0449.png,0
data\removed_full\0196.png,1
data\removed_full\0812.png,1
data\watermarked_full\0826.png,0
data\removed_full\0687.png,1
data\removed_full\0053.png,1
data\removed_full\0540.png,1
data\removed_full\0590.png,1
data\removed_full\0273.png,1
data\watermarked_full\0036.png,0
data\removed_full\0509.png,1
data\removed_full\0457.png,1
data\removed_full\0833.png,1
data\removed_full\0657.png,1
data\watermarked_full\0292.png,0
data\removed_full\0825.png,1
data\removed_full\0259.png,1
data\watermarked_full\0073.png,0
data\removed_full\0491.png,1
data\watermarked_full\0841.png,0
data\removed_full\0432.png,1
data\removed_full\0721.png,1
data\removed_full\0568.png,1
data\removed_full\0569.png,1
data\watermarked_full\0336.png,0
data\watermarked_full\0684.png,0
data\removed_full\0384.png,1
data\removed_full\0611.png,1
data\watermarked_full\0869.png,0
data\removed_full\0712.png,1
data\removed_full\0073.png,1
data\watermarked_full\0602.png,0
data\removed_full\0394.png,1
data\watermarked_full\0212.png,0
data\watermarked_full\0153.png,0
data\watermarked_full\0806.png,0
data\watermarked_full\0361.png,0
data\watermarked_full\0194.png,0
data\removed_full\0676.png,1
data\watermarked_full\0470.png,0
data\watermarked_full\0082.png,0
data\removed_full\0216.png,1
data\watermarked_full\0249.png,0
data\removed_full\0814.png,1
data\removed_full\0095.png,1
data\watermarked_full\0093.png,0
data\removed_full\0086.png,1
data\removed_full\0109.png,1
data\removed_full\0403.png,1
data\removed_full\0552.png,1
data\watermarked_full\0613.png,0
data\removed_full\0586.png,1
data\watermarked_full\0369.png,0
data\watermarked_full\0045.png,0
data\removed_full\0638.png,1
data\watermarked_full\0364.png,0
data\removed_full\0063.png,1
data\watermarked_full\0434.png,0
data\removed_full\0206.png,1
data\removed_full\0316.png,1
data\watermarked_full\0275.png,0
data\removed_full\0852.png,1
data\watermarked_full\0569.png,0
data\watermarked_full\0005.png,0
data\watermarked_full\0543.png,0
data\watermarked_full\0053.png,0
data\watermarked_full\0407.png,0
data\removed_full\0677.png,1
data\watermarked_full\0832.png,0
data\watermarked_full\0852.png,0
data\removed_full\0567.png,1
data\removed_full\0703.png,1
data\watermarked_full\0518.png,0
data\watermarked_full\0494.png,0
data\removed_full\0544.png,1
data\removed_full\0490.png,1
data\watermarked_full\0866.png,0
data\removed_full\0583.png,1
data\removed_full\0854.png,1
data\removed_full\0135.png,1
data\watermarked_full\0547.png,0
data\watermarked_full\0086.png,0
data\removed_full\0265.png,1
data\watermarked_full\0830.png,0
data\watermarked_full\0344.png,0
data\removed_full\0762.png,1
data\watermarked_full\0451.png,0
data\removed_full\0439.png,1
data\watermarked_full\0812.png,0
data\watermarked_full\0885.png,0
data\removed_full\0098.png,1
data\removed_full\0864.png,1
data\removed_full\0610.png,1
data\removed_full\0604.png,1
data\watermarked_full\0517.png,0
data\watermarked_full\0740.png,0
data\removed_full\0221.png,1
data\watermarked_full\0824.png,0
data\watermarked_full\0367.png,0
data\watermarked_full\0329.png,0
data\removed_full\0128.png,1
data\removed_full\0438.png,1
data\removed_full\0674.png,1
data\watermarked_full\0236.png,0
data\watermarked_full\0066.png,0
data\watermarked_full\0675.png,0
data\removed_full\0443.png,1
data\watermarked_full\0173.png,0
data\removed_full\0882.png,1
data\removed_full\0051.png,1
data\watermarked_full\0836.png,0
data\removed_full\0870.png,1
data\removed_full\0141.png,1
data\watermarked_full\0037.png,0
data\removed_full\0742.png,1
data\removed_full\0839.png,1
data\watermarked_full\0431.png,0
data\watermarked_full\0469.png,0
data\watermarked_full\0204.png,0
data\watermarked_full\0633.png,0
data\watermarked_full\0133.png,0
data\removed_full\0686.png,1
data\watermarked_full\0558.png,0
data\removed_full\0245.png,1
data\watermarked_full\0575.png,0
data\removed_full\0444.png,1
data\removed_full\0866.png,1
data\removed_full\0850.png,1
data\removed_full\0225.png,1
data\removed_full\0462.png,1
data\removed_full\0535.png,1
data\removed_full\0773.png,1
data\watermarked_full\0227.png,0
data\watermarked_full\0309.png,0
data\removed_full\0399.png,1
data\removed_full\0579.png,1
data\removed_full\0624.png,1
data\removed_full\0020.png,1
data\removed_full\0599.png,1
data\watermarked_full\0770.png,0
data\removed_full\0153.png,1
data\watermarked_full\0670.png,0
data\watermarked_full\0089.png,0
data\removed_full\0555.png,1
data\removed_full\0452.png,1
data\removed_full\0856.png,1
data\removed_full\0584.png,1
data\removed_full\0415.png,1
data\removed_full\0166.png,1
data\watermarked_full\0228.png,0
data\watermarked_full\0250.png,0
data\removed_full\0251.png,1
data\watermarked_full\0665.png,0
data\removed_full\0838.png,1
data\watermarked_full\0453.png,0
data\removed_full\0482.png,1
data\removed_full\0335.png,1
data\watermarked_full\0383.png,0
data\watermarked_full\0018.png,0
data\removed_full\0163.png,1
data\watermarked_full\0008.png,0
data\watermarked_full\0256.png,0
data\removed_full\0081.png,1
data\removed_full\0363.png,1
data\removed_full\0226.png,1
data\removed_full\0280.png,1
data\watermarked_full\0074.png,0
data\watermarked_full\0750.png,0
data\watermarked_full\0362.png,0
data\removed_full\0507.png,1
data\watermarked_full\0370.png,0
data\removed_full\0874.png,1
data\removed_full\0651.png,1
data\watermarked_full\0331.png,0
data\watermarked_full\0533.png,0
data\removed_full\0887.png,1
data\watermarked_full\0650.png,0
data\watermarked_full\0792.png,0
data\removed_full\0322.png,1
data\watermarked_full\0411.png,0
data\watermarked_full\0820.png,0
data\removed_full\0836.png,1
data\removed_full\0061.png,1
data\removed_full\0064.png,1
data\removed_full\0479.png,1
data\removed_full\0352.png,1
data\removed_full\0790.png,1
data\removed_full\0522.png,1
data\watermarked_full\0405.png,0
data\watermarked_full\0497.png,0
data\removed_full\0350.png,1
data\removed_full\0361.png,1
data\watermarked_full\0226.png,0
data\removed_full\0137.png,1
data\removed_full\0019.png,1
data\watermarked_full\0657.png,0
data\removed_full\0755.png,1
data\removed_full\0802.png,1
data\watermarked_full\0117.png,0
data\removed_full\0788.png,1
data\removed_full\0726.png,1
data\removed_full\0460.png,1
data\watermarked_full\0715.png,0
data\watermarked_full\0447.png,0
data\watermarked_full\0580.png,0
data\removed_full\0018.png,1
data\watermarked_full\0354.png,0
data\watermarked_full\0656.png,0
data\watermarked_full\0374.png,0
data\removed_full\0429.png,1
data\removed_full\0120.png,1
data\watermarked_full\0593.png,0
data\removed_full\0640.png,1
data\removed_full\0881.png,1
data\watermarked_full\0248.png,0
data\removed_full\0364.png,1
data\removed_full\0267.png,1
data\removed_full\0630.png,1
data\removed_full\0486.png,1
data\watermarked_full\0012.png,0
data\removed_full\0718.png,1
data\watermarked_full\0764.png,0
data\removed_full\0863.png,1
data\watermarked_full\0618.png,0
data\watermarked_full\0481.png,0
data\removed_full\0306.png,1
data\watermarked_full\0132.png,0
data\watermarked_full\0777.png,0
data\watermarked_full\0124.png,0
data\removed_full\0519.png,1
data\removed_full\0563.png,1
data\watermarked_full\0428.png,0
data\removed_full\0763.png,1
data\removed_full\0052.png,1
data\removed_full\0402.png,1
data\removed_full\0365.png,1
data\watermarked_full\0220.png,0
data\watermarked_full\0042.png,0
data\watermarked_full\0031.png,0
data\removed_full\0847.png,1
data\watermarked_full\0340.png,0
data\watermarked_full\0261.png,0
data\removed_full\0745.png,1
data\watermarked_full\0473.png,0
data\watermarked_full\0078.png,0
data\watermarked_full\0567.png,0
data\removed_full\0387.png,1
data\watermarked_full\0467.png,0
data\watermarked_full\0046.png,0
data\removed_full\0697.png,1
data\removed_full\0448.png,1
data\removed_full\0734.png,1
data\removed_full\0505.png,1
data\removed_full\0741.png,1
data\watermarked_full\0628.png,0
data\watermarked_full\0375.png,0
data\removed_full\0107.png,1
data\watermarked_full\0096.png,0
data\removed_full\0780.png,1
data\removed_full\0021.png,1
data\watermarked_full\0861.png,0
data\removed_full\0682.png,1
data\watermarked_full\0169.png,0
data\removed_full\0244.png,1
data\removed_full\0255.png,1
data\removed_full\0673.png,1
data\watermarked_full\0759.png,0
data\watermarked_full\0109.png,0
data\watermarked_full\0886.png,0
data\watermarked_full\0487.png,0
data\removed_full\0781.png,1
data\removed_full\0805.png,1
data\removed_full\0678.png,1
data\watermarked_full\0225.png,0
data\watermarked_full\0327.png,0
data\watermarked_full\0304.png,0
data\removed_full\0757.png,1
data\watermarked_full\0363.png,0
data\removed_full\0777.png,1
data\removed_full\0609.png,1
data\watermarked_full\0825.png,0
data\watermarked_full\0281.png,0
data\watermarked_full\0262.png,0
data\removed_full\0199.png,1
data\watermarked_full\0477.png,0
data\removed_full\0008.png,1
data\watermarked_full\0377.png,0
data\watermarked_full\0000.png,0
data\watermarked_full\0382.png,0
data\watermarked_full\0198.png,0
data\watermarked_full\0837.png,0
data\removed_full\0293.png,1
data\removed_full\0154.png,1
data\watermarked_full\0141.png,0
data\removed_full\0214.png,1
data\watermarked_full\0416.png,0
data\watermarked_full\0572.png,0
data\removed_full\0423.png,1
data\watermarked_full\0011.png,0
data\watermarked_full\0425.png,0
data\removed_full\0147.png,1
data\removed_full\0102.png,1
data\removed_full\0165.png,1
data\watermarked_full\0311.png,0
data\watermarked_full\0888.png,0
data\watermarked_full\0827.png,0
data\watermarked_full\0703.png,0
data\watermarked_full\0320.png,0
data\removed_full\0619.png,1
data\watermarked_full\0144.png,0
data\removed_full\0237.png,1
data\watermarked_full\0751.png,0
data\removed_full\0665.png,1
data\removed_full\0808.png,1
data\removed_full\0411.png,1
data\watermarked_full\0211.png,0
data\watermarked_full\0728.png,0
data\removed_full\0289.png,1
data\watermarked_full\0591.png,0
data\removed_full\0007.png,1
data\watermarked_full\0640.png,0
data\removed_full\0858.png,1
data\watermarked_full\0355.png,0
data\watermarked_full\0704.png,0
data\removed_full\0185.png,1
data\removed_full\0591.png,1
data\watermarked_full\0022.png,0
data\watermarked_full\0421.png,0
data\removed_full\0437.png,1
data\watermarked_full\0673.png,0
data\removed_full\0533.png,1
data\watermarked_full\0821.png,0
data\removed_full\0524.png,1
data\watermarked_full\0149.png,0
data\removed_full\0069.png,1
data\watermarked_full\0015.png,0
data\watermarked_full\0333.png,0
data\removed_full\0679.png,1
data\watermarked_full\0312.png,0
data\removed_full\0787.png,1
data\removed_full\0366.png,1
data\watermarked_full\0530.png,0
data\watermarked_full\0800.png,0
data\watermarked_full\0277.png,0
data\watermarked_full\0615.png,0
data\removed_full\0354.png,1
data\removed_full\0557.png,1
data\removed_full\0792.png,1
data\removed_full\0598.png,1
data\watermarked_full\0742.png,0
data\watermarked_full\0190.png,0
data\removed_full\0511.png,1
data\removed_full\0588.png,1
data\watermarked_full\0234.png,0
data\watermarked_full\0135.png,0
data\removed_full\0188.png,1
data\watermarked_full\0584.png,0
data\removed_full\0565.png,1
data\removed_full\0478.png,1
data\removed_full\0279.png,1
data\watermarked_full\0294.png,0
data\removed_full\0159.png,1
data\watermarked_full\0381.png,0
data\removed_full\0373.png,1
data\removed_full\0656.png,1
data\removed_full\0268.png,1
data\removed_full\0489.png,1
data\watermarked_full\0120.png,0
data\removed_full\0407.png,1
data\removed_full\0466.png,1
data\removed_full\0145.png,1
data\watermarked_full\0867.png,0
data\removed_full\0351.png,1
data\watermarked_full\0773.png,0
data\watermarked_full\0741.png,0
data\removed_full\0122.png,1
data\watermarked_full\0768.png,0
data\removed_full\0475.png,1
data\watermarked_full\0238.png,0
data\watermarked_full\0299.png,0
data\watermarked_full\0043.png,0
data\watermarked_full\0585.png,0
data\watermarked_full\0874.png,0
data\removed_full\0675.png,1
data\removed_full\0487.png,1
data\watermarked_full\0301.png,0
data\watermarked_full\0429.png,0
data\removed_full\0231.png,1
data\removed_full\0655.png,1
data\watermarked_full\0072.png,0
